"1","1","pondicherry","Aravankadu, Nilgiris, Nagapattinam Coimbatore Gundlupet Highway, Ooty","beach","3","2017-11-14","5","null","respond","pavithra","4000","devai","Nilgiri Mountain Railway one day,Doddabetta  Government Rose Garden two days"
"2","5","kallakurichi,tamilnadu,india","Mavalli, Bengaluru, Karnataka","park","3","2017-11-15","5","null","Waiting","thiyagu","a","b","c"
"3","5","kallakurichi,tamilnadu,india","Mavalli, Bengaluru, Karnataka","park","3","2017-11-15","5","null","respond","thiyagu","2000","a to b","Cubbon Park 1 day,Bangalore Palace Tipu Sultans Summer one day, Vidhana Soudha 2 days"
"4","5","kallakurichi,tamilnadu,india","Mavalli, Bengaluru, Karnataka","temple","3","2017-11-12","5","kallakurichi","Waiting","uma","a","b","c"
"5","6","pondicherry","Netaji Subhash Marg, Lal Qila, Chandni Chowk, New Delhi","temple","4","2017-11-14","5","kallakurichi","respond","uma","3000","devi","Qutb Minar 1 day,  Humayuns Tomb 2 days,Qutb Minar 3 days"
"6","4","pondicherry","Tiruchirappalli, Tamil Nadu, India","temple","1","2017-11-15","5","pondicherry","Waiting","mani","a","b","c"
"7","6","pondicherry","Netaji Subhash Marg, Lal Qila, Chandni Chowk, New Delhi","park","3","2017-11-15","5","pondicherry","respond","mani","2000","devi","Humayuns Tomb 1 day,The Red Fort 1 day,Akshardham  Jama Masjid 2 days "
"8","11","chennai","Chhatarpur, Near Chhatarpur Metro Station, New Delhi, Delhi ","temple","2","2017-12-20","2","pondicherry","Waiting","mani","a","b","c"
"9","1","chennai","Aravankadu, Nilgiris, Nagapattinam Coimbatore Gundlupet Highway, Ooty","temple","2","2017-12-19","5","pondicherry","Waiting","mani","a","b","c"
"10","1","bangalore","Aravankadu, Nilgiris, Nagapattinam Coimbatore Gundlupet Highway, Ooty","teemple","2","2017-12-13","5","chenai","respond","kiran","2000","devi","9.00am to 5.00pm"
"11","9","chennai","Tughlaqabad Fort, Tughlakabad, New Delhi, Delhi 110044","temple","2","2017-12-12","5","chenai","Waiting","kiran","a","b","c"
