"1","thiyagu","kallakurichi","coimbatore"
"2","thiyagu","kallakurichi","coimbatore"
"3","thiyagu","kallakurichi","bangalore"
"4","thiyagu","kallakurichi","bangalore"
"5","thiyagu","kallakurichi","chennai"
"6","thiyagu","kallakurichi","chennai"
"7","thiyagu","kallakurichi","trichy"
"8","thiyagu","kallakurichi","summer"
"9","thiyagu","kallakurichi","Arignar Anna Zoological Park"
"10","thiyagu","kallakurichi","Tiruchirapalli Rock Fort"
"11","thiyagu","kallakurichi","Tiruchirapalli Rock Fort"
"12","uma","kallakurichi","bangalore"
"13","uma","kallakurichi","lal bug"
"14","uma","kallakurichi","summer"
"15","mani","pondicherry","bangalore"
"16","mani","pondicherry","trichy"
"17","mani","pondicherry","delhi"
"18","mani","pondicherry","The Red Fort"
"19","mani","pondicherry","summer"
"20","mani","pondicherry","park"
"21","null","null","coimbatore"
"22","mani","pondicherry","trichy"
"23","mani","pondicherry","trichy"
"24","mangai","chennai","bangalore"
"25","mangai","chennai","bangalore"
"26","kiran","chenai","bangalore"
"27","siva","ongole","park"
"28","siva","ongole","temple"
"29","siva","ongole","beach"
"30","siva","ongole","banglore"
